Workbook

Sheet sheet2
B1: item | C1: price(单箱） | D1: itemid | E1: sold(条) | F1: cap(条) | G1: sold_next(条) | H1: 销量差额 | I1: 销量差额百分比 | J1: 产能富余 | K1: 产能富余百分比
A2: 1 | B2: 中南海(京韵细支烤烟) | C2: 75000 | D2: 6901028010290 | E2: 14 | F2: 42 | G2: 14 | H2: =G2-E2 -> 0 | I2: =H2/E2 -> 0 | J2: =F2-E2 -> 28 | K2: =J2/E2 -> 2 | L2: =C2*G2 -> 1050000 | M2: =I2^2 -> 0 | N2: 销量偏差量（箱） | O2: =sheet1!A2-SUM(G2:G72)/250 -> 23.92
A3: 2 | B3: 云烟(中支金腰带) | C3: 75000 | D3: 6901028340670 | E3: 183 | F3: 243 | G3: 183 | H3: =G3-E3 -> 0 | I3: =H3/E3 -> 0 | J3: =F3-E3 -> 60 | K3: =J3/E3 -> 0.32786885 | L3: =C3*G3 -> 13725000 | M3: =I3^2 -> 0 | N3: 结构偏差量（元/箱） | O3: =sheet1!B2 - SUM(L2:L72)/SUM(G2:G72) -> -1113.4846
A4: 3 | B4: 云烟(细支大重九) | C4: 250000 | D4: 6901028312356 | E4: 153 | F4: 186 | G4: 153 | H4: =G4-E4 -> 0 | I4: =H4/E4 -> 0 | J4: =F4-E4 -> 33 | K4: =J4/E4 -> 0.21568627 | L4: =C4*G4 -> 38250000 | M4: =I4^2 -> 0 | N4: 销售额偏差量（元） | O4: =sheet1!A2*sheet1!B2 - SUM(L2:L72)/250 -> -1577580
A5: 4 | B5: 云烟(细支珍品) | C5: 65000 | D5: 6901028339537 | E5: 474 | F5: 580 | G5: 474 | H5: =G5-E5 -> 0 | I5: =H5/E5 -> 0 | J5: =F5-E5 -> 106 | K5: =J5/E5 -> 0.22362869 | L5: =C5*G5 -> 30810000 | M5: =I5^2 -> 0
A6: 5 | B6: 云烟(软大重九) | C6: 245000 | D6: 6901028051989 | E6: 80 | F6: 122 | G6: 80 | H6: =G6-E6 -> 0 | I6: =H6/E6 -> 0 | J6: =F6-E6 -> 42 | K6: =J6/E6 -> 0.525 | L6: =C6*G6 -> 19600000 | M6: =I6^2 -> 0 | N6: 销量偏差百分比 | O6: =O2/sheet1!A2 -> 0.0104
A7: 6 | B7: 云烟(软珍品) | C7: 60000 | D7: 6901028045919 | E7: 4695 | F7: 5643 | G7: 4723 | H7: =G7-E7 -> 28 | I7: =H7/E7 -> 0.0059637913 | J7: =F7-E7 -> 948 | K7: =J7/E7 -> 0.20191693 | L7: =C7*G7 -> 283380000 | M7: =I7^2 -> 3.5566806e-05 | N7: 结构偏差百分比 | O7: =O3/sheet1!B2 -> -0.027837115
A8: 7 | B8: 冬虫夏草(和润) | C8: 125000 | D8: 6901028177214 | E8: 522 | F8: 657 | G8: 522 | H8: =G8-E8 -> 0 | I8: =H8/E8 -> 0 | J8: =F8-E8 -> 135 | K8: =J8/E8 -> 0.25862069 | L8: =C8*G8 -> 65250000 | M8: =I8^2 -> 0 | N8: 销售额偏差百分比 | O8: =O4/(sheet1!A2*sheet1!B2) -> -0.017147609
A9: 8 | B9: 凤凰(细支) | C9: 87500 | D9: 6901028018166 | E9: 594 | F9: 728 | G9: 594 | H9: =G9-E9 -> 0 | I9: =H9/E9 -> 0 | J9: =F9-E9 -> 134 | K9: =J9/E9 -> 0.22558923 | L9: =C9*G9 -> 51975000 | M9: =I9^2 -> 0 | N9: 销售量变动率（均方） | O9: =AVERAGE(M2:M72) -> 0.00051090341
A10: 9 | B10: 利群(蓝天) | C10: 40000 | D10: 6901028207089 | E10: 8018 | F10: 9654 | G10: 8101 | H10: =G10-E10 -> 83 | I10: =H10/E10 -> 0.010351709 | J10: =F10-E10 -> 1636 | K10: =J10/E10 -> 0.20404091 | L10: =C10*G10 -> 324040000 | M10: =I10^2 -> 0.00010715787
A11: 10 | B11: 利群(西子阳光) | C11: 77500 | D11: 6901028119009 | E11: 714 | F11: 870 | G11: 715 | H11: =G11-E11 -> 1 | I11: =H11/E11 -> 0.0014005602 | J11: =F11-E11 -> 156 | K11: =J11/E11 -> 0.21848739 | L11: =C11*G11 -> 55412500 | M11: =I11^2 -> 1.9615689e-06
A12: 11 | B12: 利群(西湖恋) | C12: 57500 | D12: 6901028110709 | E12: 691 | F12: 831 | G12: 692 | H12: =G12-E12 -> 1 | I12: =H12/E12 -> 0.001447178 | J12: =F12-E12 -> 140 | K12: =J12/E12 -> 0.20260492 | L12: =C12*G12 -> 39790000 | M12: =I12^2 -> 2.0943242e-06 | N12: 注：偏差=目标-生成
A13: 12 | B13: 利群(软红长嘴) | C13: 55000 | D13: 6901028207508 | E13: 2815 | F13: 3397 | G13: 2825 | H13: =G13-E13 -> 10 | I13: =H13/E13 -> 0.0035523979 | J13: =F13-E13 -> 582 | K13: =J13/E13 -> 0.20674956 | L13: =C13*G13 -> 155375000 | M13: =I13^2 -> 1.2619531e-05 | N13: 偏差百分比=偏差/目标
A14: 13 | B14: 利群(软长嘴) | C14: 90000 | D14: 6901028120708 | E14: 1981 | F14: 2386 | G14: 1986 | H14: =G14-E14 -> 5 | I14: =H14/E14 -> 0.0025239778 | J14: =F14-E14 -> 405 | K14: =J14/E14 -> 0.2044422 | L14: =C14*G14 -> 178740000 | M14: =I14^2 -> 6.3704639e-06
A15: 14 | B15: 南京(九五) | C15: 250000 | D15: 6901028112789 | E15: 236 | F15: 287 | G15: 236 | H15: =G15-E15 -> 0 | I15: =H15/E15 -> 0 | J15: =F15-E15 -> 51 | K15: =J15/E15 -> 0.21610169 | L15: =C15*G15 -> 59000000 | M15: =I15^2 -> 0
A16: 15 | B16: 南京(佳品) | C16: 40000 | D16: 6901028300087 | E16: 8822 | F16: 10594 | G16: 8922 | H16: =G16-E16 -> 100 | I16: =H16/E16 -> 0.011335298 | J16: =F16-E16 -> 1772 | K16: =J16/E16 -> 0.20086148 | L16: =C16*G16 -> 356880000 | M16: =I16^2 -> 0.00012848898
A17: 16 | B17: 南京(十二钗烤烟) | C17: 70000 | D17: 6901028062329 | E17: 9116 | F17: 10960 | G17: 9223 | H17: =G17-E17 -> 107 | I17: =H17/E17 -> 0.011737604 | J17: =F17-E17 -> 1844 | K17: =J17/E17 -> 0.2022817 | L17: =C17*G17 -> 645610000 | M17: =I17^2 -> 0.00013777135
A18: 17 | B18: 南京(十二钗薄荷) | C18: 55000 | D18: 6901028062350 | E18: 13130 | F18: 15784 | G18: 13351 | H18: =G18-E18 -> 221 | I18: =H18/E18 -> 0.016831683 | J18: =F18-E18 -> 2654 | K18: =J18/E18 -> 0.20213252 | L18: =C18*G18 -> 734305000 | M18: =I18^2 -> 0.00028330556
A19: 18 | B19: 南京(红楼卷) | C19: 250000 | D19: 6901028112710 | E19: 381 | F19: 484 | G19: 381 | H19: =G19-E19 -> 0 | I19: =H19/E19 -> 0 | J19: =F19-E19 -> 103 | K19: =J19/E19 -> 0.27034121 | L19: =C19*G19 -> 95250000 | M19: =I19^2 -> 0
A20: 19 | B20: 南京(雨花石) | C20: 132500 | D20: 6901028111546 | E20: 6574 | F20: 7908 | G20: 6629 | H20: =G20-E20 -> 55 | I20: =H20/E20 -> 0.0083662915 | J20: =F20-E20 -> 1334 | K20: =J20/E20 -> 0.2029206 | L20: =C20*G20 -> 878342500 | M20: =I20^2 -> 6.9994833e-05
A21: 20 | B21: 古田(红军灰) | C21: 100000 | D21: 6901028143677 | E21: 32 | F21: 63 | G21: 32 | H21: =G21-E21 -> 0 | I21: =H21/E21 -> 0 | J21: =F21-E21 -> 31 | K21: =J21/E21 -> 0.96875 | L21: =C21*G21 -> 3200000 | M21: =I21^2 -> 0
A22: 21 | B22: 天子(千里江山细支) | C22: 75000 | D22: 6901028228466 | E22: 34 | F22: 74 | G22: 34 | H22: =G22-E22 -> 0 | I22: =H22/E22 -> 0 | J22: =F22-E22 -> 40 | K22: =J22/E22 -> 1.1764706 | L22: =C22*G22 -> 2550000 | M22: =I22^2 -> 0
A23: 22 | B23: 延安(细支圣地河谷) | C23: 75000 | D23: 6901028937412 | E23: 18 | F23: 33 | G23: 18 | H23: =G23-E23 -> 0 | I23: =H23/E23 -> 0 | J23: =F23-E23 -> 15 | K23: =J23/E23 -> 0.83333333 | L23: =C23*G23 -> 1350000 | M23: =I23^2 -> 0
A24: 23 | B24: 恒大(烟魁1949中支) | C24: 162500 | D24: 6901028018753 | E24: 151 | F24: 185 | G24: 151 | H24: =G24-E24 -> 0 | I24: =H24/E24 -> 0 | J24: =F24-E24 -> 34 | K24: =J24/E24 -> 0.22516556 | L24: =C24*G24 -> 24537500 | M24: =I24^2 -> 0
A25: 24 | B25: 泰山(东方) | C25: 30000 | D25: 6901028156752 | E25: 9574 | F25: 11527 | G25: 9692 | H25: =G25-E25 -> 118 | I25: =H25/E25 -> 0.012325047 | J25: =F25-E25 -> 1953 | K25: =J25/E25 -> 0.20398997 | L25: =C25*G25 -> 290760000 | M25: =I25^2 -> 0.00015190678
... A72: 71 | B72: 黄鹤楼(软雪之景) | C72: 35000 | D72: 6901028190602 | E72: 6843 | F72: 8232 | G72: 6903 | H72: =G72-E72 -> 60 | I72: =H72/E72 -> 0.0087680842 | J72: =F72-E72 -> 1389 | K72: =J72/E72 -> 0.20298115 | L72: =C72*G72 -> 241605000 | M72: =I72^2 -> 7.68793e-05

Sheet sheet1
A1: sold_objcet(箱) | B1: price_object(单箱价)
A2: 2300 | B2: 40000
A3: 在此输入下期目标
A7: 本文件为模型输入(黄）/输出（绿）数据文件，高亮部分请勿更改数据位置

Sheet 模型对比
A1: 原始模型C=10e4 | B1: sold_objcet(箱) | C1: price_object(单箱价) | E1: 销量偏差量（箱） | F1: 0 | H1: sold_objcet(箱) | I1: price_object(单箱价) | K1: 销量偏差量（箱） | L1: 203.296
B2: 1900 | C2: 40000 | E2: 结构偏差量（元/箱） | F2: -2920.5211 | H2: 2500 | I2: 30000 | K2: 结构偏差量（元/箱） | L2: -5920.8936
E3: 销售额偏差量（元） | F3: -5548990 | K3: 销售额偏差量（元） | L3: -7499660
E5: 销量偏差百分比 | F5: 0 | K5: 销量偏差百分比 | L5: 0.0813184
E6: 结构偏差百分比 | F6: -0.073013026 | K6: 结构偏差百分比 | L6: -0.19736312
E7: 销售额偏差百分比 | F7: -0.073013026 | K7: 销售额偏差百分比 | L7: -0.099995467
B9: sold_objcet(箱) | C9: price_object(单箱价) | E9: 销量偏差量（箱） | F9: 0 | H9: sold_objcet(箱) | I9: price_object(单箱价) | K9: 销量偏差量（箱） | L9: 0.004
B10: 2100 | C10: 40000 | E10: 结构偏差量（元/箱） | F10: -1879.3571 | H10: 2500 | I10: 36000 | K10: 结构偏差量（元/箱） | L10: -3600.0514
E11: 销售额偏差量（元） | F11: -3946650 | K11: 销售额偏差量（元） | L11: -8999970
E13: 销量偏差百分比 | F13: 0 | K13: 销量偏差百分比 | L13: 1.6e-06
E14: 结构偏差百分比 | F14: -0.046983929 | K14: 结构偏差百分比 | L14: -0.10000143
E15: 销售额偏差百分比 | F15: -0.046983929 | K15: 销售额偏差百分比 | L15: -0.099999667
B17: sold_objcet(箱) | C17: price_object(单箱价) | E17: 销量偏差量（箱） | F17: 0 | H17: sold_objcet(箱) | I17: price_object(单箱价) | K17: 销量偏差量（箱） | L17: 0
B18: 2300 | C18: 40000 | E18: 结构偏差量（元/箱） | F18: -1018.8043 | H18: 2300 | I18: 40000 | K18: 结构偏差量（元/箱） | L18: -1018.8043
E19: 销售额偏差量（元） | F19: -2343250 | K19: 销售额偏差量（元） | L19: -2343250
E21: 销量偏差百分比 | F21: 0 | K21: 销量偏差百分比 | L21: 0
E22: 结构偏差百分比 | F22: -0.025470109 | K22: 结构偏差百分比 | L22: -0.025470109
E23: 销售额偏差百分比 | F23: -0.025470109 | K23: 销售额偏差百分比 | L23: -0.025470109
B26: sold_objcet(箱) | C26: price_object(单箱价) | E26: 销量偏差量（箱） | F26: 0 | H26: sold_objcet(箱) | I26: price_object(单箱价) | K26: 销量偏差量（箱） | L26: 0
B27: 2500 | C27: 40000 | E27: 结构偏差量（元/箱） | F27: -865.36 | H27: 2500 | I27: 44000 | K27: 结构偏差量（元/箱） | L27: 3134.64
E28: 销售额偏差量（元） | F28: -2163400 | K28: 销售额偏差量（元） | L28: 7836600
E30: 销量偏差百分比 | F30: 0 | K30: 销量偏差百分比 | L30: 0
E31: 结构偏差百分比 | F31: -0.021634 | K31: 结构偏差百分比 | L31: 0.071241818
E32: 销售额偏差百分比 | F32: -0.021634 | K32: 销售额偏差百分比 | L32: 0.071241818
B35: sold_objcet(箱) | C35: price_object(单箱价) | E35: 销量偏差量（箱） | F35: 98.932 | H35: sold_objcet(箱) | I35: price_object(单箱价) | K35: 销量偏差量（箱） | L35: -84.748
B36: 2700 | C36: 40000 | E36: 结构偏差量（元/箱） | F36: -1678.2914 | H36: 2500 | I36: 48000 | K36: 结构偏差量（元/箱） | L36: 6216.4025
E37: 销售额偏差量（元） | F37: -408070 | K37: 销售额偏差量（元） | L37: 11999930
E39: 销量偏差百分比 | F39: 0.036641481 | K39: 销量偏差百分比 | L39: -0.0338992
E40: 结构偏差百分比 | F40: -0.041957284 | K40: 结构偏差百分比 | L40: 0.12950839
E41: 销售额偏差百分比 | F41: -0.0037784259 | K41: 销售额偏差百分比 | L41: 0.099999417
